0,0,Sinta,7,-,0,Menga,5,Pasah,9,Sri,6,Pahing,9,Tungleh,7,Redite,5,Sri,6,Dangu,5,Sri,6
1,0,Sinta,7,Luang,1,Pepet,4,Beteng,4,Laba,5,Pon,7,Aryang,6,Soma,4,Indra,5,Dangu,5,Pati,7
2,0,Sinta,7,Luang,1,Pepet,4,Kajeng,7,Jaya,1,Wage,4,Urukung,5,Anggara,3,Guru,8,Dangu,5,Raja,8
3,0,Sinta,7,Luang,1,Pepet,4,Pasah,9,Menala,8,Kliwon,8,Paniron,8,Budha,7,Yama,9,Dangu,5,Manuh,2
4,0,Sinta,7,Luang,1,Pepet,4,Beteng,4,Sri,6,Umanis,5,Was,9,Wraspati,8,Ludra,3,Jangur,8,Duka,4
5,0,Sinta,7,Luang,1,Pepet,4,Kajeng,7,Laba,5,Pahing,9,Maulu,3,Sukra,6,Brahma,7,Gigis,9,Manuh,2
6,0,Sinta,7,-,0,Menga,5,Pasah,9,Jaya,1,Pon,7,Tungleh,7,Saniscara,9,Kala,1,Nohan,3,Manusa,3
7,1,Landep,1,Luang,1,Pepet,4,Beteng,4,Menala,8,Wage,4,Aryang,6,Redite,5,Uma,4,Ogan,7,Raksasa,1
8,1,Landep,1,-,0,Menga,5,Kajeng,7,Sri,6,Kliwon,8,Urukung,5,Soma,4,Sri,6,Erengan,1,Suka,10
9,1,Landep,1,-,0,Menga,5,Pasah,9,Laba,5,Umanis,5,Paniron,8,Anggara,3,Indra,5,Urungan,4,Dewa,9
10,1,Landep,1,-,0,Menga,5,Beteng,4,Jaya,1,Pahing,9,Was,9,Budha,7,Guru,8,Tulus,6,Manusa,3
11,1,Landep,1,Luang,1,Pepet,4,Kajeng,7,Menala,8,Pon,7,Maulu,3,Wraspati,8,Yama,9,Dadi,8,Manuh,2
12,1,Landep,1,-,0,Menga,5,Pasah,9,Sri,6,Wage,4,Tungleh,7,Sukra,6,Ludra,3,Dangu,5,Pandita,5
13,1,Landep,1,Luang,1,Pepet,4,Beteng,4,Laba,5,Kliwon,8,Aryang,6,Saniscara,9,Brahma,7,Jangur,8,Raja,8
14,2,Ukir,4,-,0,Menga,5,Kajeng,7,Jaya,1,Umanis,5,Urukung,5,Redite,5,Kala,1,Gigis,9,Pandita,5
15,2,Ukir,4,Luang,1,Pepet,4,Pasah,9,Menala,8,Pahing,9,Paniron,8,Soma,4,Uma,4,Nohan,3,Duka,4
16,2,Ukir,4,-,0,Menga,5,Beteng,4,Sri,6,Pon,7,Was,9,Anggara,3,Sri,6,Ogan,7,Pandita,5
17,2,Ukir,4,Luang,1,Pepet,4,Kajeng,7,Laba,5,Wage,4,Maulu,3,Budha,7,Indra,5,Erengan,1,Pati,7
18,2,Ukir,4,-,0,Menga,5,Pasah,9,Jaya,1,Kliwon,8,Tungleh,7,Wraspati,8,Guru,8,Urungan,4,Manusa,3
19,2,Ukir,4,Luang,1,Pepet,4,Beteng,4,Menala,8,Umanis,5,Aryang,6,Sukra,6,Yama,9,Tulus,6,Pati,7
20,2,Ukir,4,-,0,Menga,5,Kajeng,7,Sri,6,Pahing,9,Urukung,5,Saniscara,9,Ludra,3,Dadi,8,Dewa,9
21,3,Kulantir,6,-,0,Menga,5,Pasah,9,Laba,5,Pon,7,Paniron,8,Redite,5,Brahma,7,Dangu,5,Suka,10
22,3,Kulantir,6,-,0,Menga,5,Beteng,4,Jaya,1,Wage,4,Was,9,Soma,4,Kala,1,Jangur,8,Dewa,9
23,3,Kulantir,6,Luang,1,Pepet,4,Kajeng,7,Menala,8,Kliwon,8,Maulu,3,Anggara,3,Uma,4,Gigis,9,Pati,7
24,3,Kulantir,6,-,0,Menga,5,Pasah,9,Sri,6,Umanis,5,Tungleh,7,Budha,7,Sri,6,Nohan,3,Suka,10
25,3,Kulantir,6,Luang,1,Pepet,4,Beteng,4,Laba,5,Pahing,9,Aryang,6,Wraspati,8,Indra,5,Ogan,7,Raja,8
26,3,Kulantir,6,Luang,1,Pepet,4,Kajeng,7,Jaya,1,Pon,7,Urukung,5,Sukra,6,Guru,8,Erengan,1,Duka,4
27,3,Kulantir,6,Luang,1,Pepet,4,Pasah,9,Menala,8,Wage,4,Paniron,8,Saniscara,9,Yama,9,Urungan,4,Duka,4
28,4,Tolu,5,Luang,1,Pepet,4,Beteng,4,Sri,6,Kliwon,8,Was,9,Redite,5,Ludra,3,Tulus,6,Duka,4
29,4,Tolu,5,Luang,1,Pepet,4,Kajeng,7,Laba,5,Umanis,5,Maulu,3,Soma,4,Brahma,7,Dadi,8,Raksasa,1
30,4,Tolu,5,-,0,Menga,5,Pasah,9,Jaya,1,Pahing,9,Tungleh,7,Anggara,3,Kala,1,Dangu,5,Suka,10
31,4,Tolu,5,-,0,Menga,5,Beteng,4,Menala,8,Pon,7,Aryang,6,Budha,7,Uma,4,Jangur,8,Sri,6
32,4,Tolu,5,-,0,Menga,5,Kajeng,7,Sri,6,Wage,4,Urukung,5,Wraspati,8,Sri,6,Gigis,9,Suka,10
33,4,Tolu,5,-,0,Menga,5,Pasah,9,Laba,5,Kliwon,8,Paniron,8,Sukra,6,Indra,5,Nohan,3,Sri,6
34,4,Tolu,5,-,0,Menga,5,Beteng,4,Jaya,1,Umanis,5,Was,9,Saniscara,9,Guru,8,Ogan,7,Sri,6
35,5,Gumbreg,8,-,0,Menga,5,Kajeng,7,Menala,8,Pahing,9,Maulu,3,Redite,5,Yama,9,Erengan,1,Sri,6
36,5,Gumbreg,8,Luang,1,Pepet,4,Pasah,9,Sri,6,Pon,7,Tungleh,7,Soma,4,Ludra,3,Urungan,4,Pati,7
37,5,Gumbreg,8,Luang,1,Pepet,4,Beteng,4,Laba,5,Wage,4,Aryang,6,Anggara,3,Brahma,7,Tulus,6,Raja,8
38,5,Gumbreg,8,Luang,1,Pepet,4,Kajeng,7,Jaya,1,Kliwon,8,Urukung,5,Budha,7,Kala,1,Dadi,8,Manuh,2
39,5,Gumbreg,8,Luang,1,Pepet,4,Pasah,9,Menala,8,Umanis,5,Paniron,8,Wraspati,8,Uma,4,Dangu,5,Duka,4
40,5,Gumbreg,8,Luang,1,Pepet,4,Beteng,4,Sri,6,Pahing,9,Was,9,Sukra,6,Sri,6,Jangur,8,Manuh,2
41,5,Gumbreg,8,-,0,Menga,5,Kajeng,7,Laba,5,Pon,7,Maulu,3,Saniscara,9,Indra,5,Gigis,9,Manusa,3
42,6,Wariga,9,Luang,1,Pepet,4,Pasah,9,Jaya,1,Wage,4,Tungleh,7,Redite,5,Guru,8,Nohan,3,Raksasa,1
43,6,Wariga,9,-,0,Menga,5,Beteng,4,Menala,8,Kliwon,8,Aryang,6,Soma,4,Yama,9,Ogan,7,Suka,10
44,6,Wariga,9,-,0,Menga,5,Kajeng,7,Sri,6,Umanis,5,Urukung,5,Anggara,3,Ludra,3,Erengan,1,Dewa,9
45,6,Wariga,9,-,0,Menga,5,Pasah,9,Laba,5,Pahing,9,Paniron,8,Budha,7,Brahma,7,Urungan,4,Manusa,3
46,6,Wariga,9,Luang,1,Pepet,4,Beteng,4,Jaya,1,Pon,7,Was,9,Wraspati,8,Kala,1,Tulus,6,Manuh,2
47,6,Wariga,9,-,0,Menga,5,Kajeng,7,Menala,8,Wage,4,Maulu,3,Sukra,6,Uma,4,Dadi,8,Pandita,5
48,6,Wariga,9,Luang,1,Pepet,4,Pasah,9,Sri,6,Kliwon,8,Tungleh,7,Saniscara,9,Sri,6,Dangu,5,Raja,8
49,7,Warigadean,3,-,0,Menga,5,Beteng,4,Laba,5,Umanis,5,Aryang,6,Redite,5,Indra,5,Jangur,8,Pandita,5
50,7,Warigadean,3,Luang,1,Pepet,4,Kajeng,7,Jaya,1,Pahing,9,Urukung,5,Soma,4,Guru,8,Gigis,9,Duka,4
51,7,Warigadean,3,-,0,Menga,5,Pasah,9,Menala,8,Pon,7,Paniron,8,Anggara,3,Yama,9,Nohan,3,Pandita,5
52,7,Warigadean,3,Luang,1,Pepet,4,Beteng,4,Sri,6,Wage,4,Was,9,Budha,7,Ludra,3,Ogan,7,Pati,7
53,7,Warigadean,3,-,0,Menga,5,Kajeng,7,Laba,5,Kliwon,8,Maulu,3,Wraspati,8,Brahma,7,Erengan,1,Manusa,3
54,7,Warigadean,3,Luang,1,Pepet,4,Pasah,9,Jaya,1,Umanis,5,Tungleh,7,Sukra,6,Kala,1,Urungan,4,Pati,7
55,7,Warigadean,3,-,0,Menga,5,Beteng,4,Menala,8,Pahing,9,Aryang,6,Saniscara,9,Uma,4,Tulus,6,Dewa,9
56,8,Julungwangi,7,-,0,Menga,5,Kajeng,7,Sri,6,Pon,7,Urukung,5,Redite,5,Sri,6,Dadi,8,Suka,10
57,8,Julungwangi,7,-,0,Menga,5,Pasah,9,Laba,5,Wage,4,Paniron,8,Soma,4,Indra,5,Dangu,5,Dewa,9
58,8,Julungwangi,7,Luang,1,Pepet,4,Beteng,4,Jaya,1,Kliwon,8,Was,9,Anggara,3,Guru,8,Jangur,8,Pati,7
59,8,Julungwangi,7,-,0,Menga,5,Kajeng,7,Menala,8,Umanis,5,Maulu,3,Budha,7,Yama,9,Gigis,9,Suka,10
60,8,Julungwangi,7,Luang,1,Pepet,4,Pasah,9,Sri,6,Pahing,9,Tungleh,7,Wraspati,8,Ludra,3,Nohan,3,Raja,8
61,8,Julungwangi,7,Luang,1,Pepet,4,Beteng,4,Laba,5,Pon,7,Aryang,6,Sukra,6,Brahma,7,Ogan,7,Duka,4
62,8,Julungwangi,7,Luang,1,Pepet,4,Kajeng,7,Jaya,1,Wage,4,Urukung,5,Saniscara,9,Kala,1,Erengan,1,Duka,4
63,9,Sungsang,1,Luang,1,Pepet,4,Pasah,9,Menala,8,Kliwon,8,Paniron,8,Redite,5,Uma,4,Urungan,4,Duka,4
64,9,Sungsang,1,Luang,1,Pepet,4,Beteng,4,Sri,6,Umanis,5,Was,9,Soma,4,Sri,6,Tulus,6,Raksasa,1
65,9,Sungsang,1,-,0,Menga,5,Kajeng,7,Laba,5,Pahing,9,Maulu,3,Anggara,3,Indra,5,Dadi,8,Suka,10
66,9,Sungsang,1,-,0,Menga,5,Pasah,9,Jaya,1,Pon,7,Tungleh,7,Budha,7,Guru,8,Dangu,5,Sri,6
67,9,Sungsang,1,-,0,Menga,5,Beteng,4,Menala,8,Wage,4,Aryang,6,Wraspati,8,Yama,9,Jangur,8,Suka,10
68,9,Sungsang,1,-,0,Menga,5,Kajeng,7,Sri,6,Kliwon,8,Urukung,5,Sukra,6,Ludra,3,Gigis,9,Sri,6
69,9,Sungsang,1,-,0,Menga,5,Pasah,9,Laba,5,Umanis,5,Paniron,8,Saniscara,9,Brahma,7,Nohan,3,Sri,6
70,10,Dungulan,4,-,0,Menga,5,Beteng,4,Jaya,1,Pahing,9,Was,9,Redite,5,Kala,1,Ogan,7,Sri,6
71,10,Dungulan,4,Luang,1,Pepet,4,Kajeng,7,Jaya,1,Pon,7,Maulu,3,Soma,4,Kala,1,Erengan,1,Pati,7
72,10,Dungulan,4,Luang,1,Pepet,4,Pasah,9,Jaya,1,Wage,4,Tungleh,7,Anggara,3,Kala,1,Urungan,4,Raja,8
73,10,Dungulan,4,Luang,1,Pepet,4,Beteng,4,Menala,8,Kliwon,8,Aryang,6,Budha,7,Uma,4,Tulus,6,Manuh,2
74,10,Dungulan,4,Luang,1,Pepet,4,Kajeng,7,Sri,6,Umanis,5,Urukung,5,Wraspati,8,Sri,6,Dadi,8,Duka,4
75,10,Dungulan,4,Luang,1,Pepet,4,Pasah,9,Laba,5,Pahing,9,Paniron,8,Sukra,6,Indra,5,Dangu,5,Manuh,2
76,10,Dungulan,4,-,0,Menga,5,Beteng,4,Jaya,1,Pon,7,Was,9,Saniscara,9,Guru,8,Jangur,8,Manusa,3
77,11,Kuningan,6,Luang,1,Pepet,4,Kajeng,7,Menala,8,Wage,4,Maulu,3,Redite,5,Yama,9,Gigis,9,Raksasa,1
78,11,Kuningan,6,-,0,Menga,5,Pasah,9,Sri,6,Kliwon,8,Tungleh,7,Soma,4,Ludra,3,Nohan,3,Suka,10
79,11,Kuningan,6,-,0,Menga,5,Beteng,4,Laba,5,Umanis,5,Aryang,6,Anggara,3,Brahma,7,Ogan,7,Dewa,9
80,11,Kuningan,6,-,0,Menga,5,Kajeng,7,Jaya,1,Pahing,9,Urukung,5,Budha,7,Kala,1,Erengan,1,Manusa,3
81,11,Kuningan,6,Luang,1,Pepet,4,Pasah,9,Menala,8,Pon,7,Paniron,8,Wraspati,8,Uma,4,Urungan,4,Manuh,2
82,11,Kuningan,6,-,0,Menga,5,Beteng,4,Sri,6,Wage,4,Was,9,Sukra,6,Sri,6,Tulus,6,Pandita,5
83,11,Kuningan,6,Luang,1,Pepet,4,Kajeng,7,Laba,5,Kliwon,8,Maulu,3,Saniscara,9,Indra,5,Dadi,8,Raja,8
84,12,Langkir,5,-,0,Menga,5,Pasah,9,Jaya,1,Umanis,5,Tungleh,7,Redite,5,Guru,8,Dangu,5,Pandita,5
85,12,Langkir,5,Luang,1,Pepet,4,Beteng,4,Menala,8,Pahing,9,Aryang,6,Soma,4,Yama,9,Jangur,8,Duka,4
86,12,Langkir,5,-,0,Menga,5,Kajeng,7,Sri,6,Pon,7,Urukung,5,Anggara,3,Ludra,3,Gigis,9,Pandita,5
87,12,Langkir,5,Luang,1,Pepet,4,Pasah,9,Laba,5,Wage,4,Paniron,8,Budha,7,Brahma,7,Nohan,3,Pati,7
88,12,Langkir,5,-,0,Menga,5,Beteng,4,Jaya,1,Kliwon,8,Was,9,Wraspati,8,Kala,1,Ogan,7,Manusa,3
89,12,Langkir,5,Luang,1,Pepet,4,Kajeng,7,Menala,8,Umanis,5,Maulu,3,Sukra,6,Uma,4,Erengan,1,Pati,7
90,12,Langkir,5,-,0,Menga,5,Pasah,9,Sri,6,Pahing,9,Tungleh,7,Saniscara,9,Sri,6,Urungan,4,Dewa,9
91,13,Medangsia,8,-,0,Menga,5,Beteng,4,Laba,5,Pon,7,Aryang,6,Redite,5,Indra,5,Tulus,6,Suka,10
92,13,Medangsia,8,-,0,Menga,5,Kajeng,7,Jaya,1,Wage,4,Urukung,5,Soma,4,Guru,8,Dadi,8,Dewa,9
93,13,Medangsia,8,Luang,1,Pepet,4,Pasah,9,Menala,8,Kliwon,8,Paniron,8,Anggara,3,Yama,9,Dangu,5,Pati,7
94,13,Medangsia,8,-,0,Menga,5,Beteng,4,Sri,6,Umanis,5,Was,9,Budha,7,Ludra,3,Jangur,8,Suka,10
95,13,Medangsia,8,Luang,1,Pepet,4,Kajeng,7,Laba,5,Pahing,9,Maulu,3,Wraspati,8,Brahma,7,Gigis,9,Raja,8
96,13,Medangsia,8,Luang,1,Pepet,4,Pasah,9,Jaya,1,Pon,7,Tungleh,7,Sukra,6,Kala,1,Nohan,3,Duka,4
97,13,Medangsia,8,Luang,1,Pepet,4,Beteng,4,Menala,8,Wage,4,Aryang,6,Saniscara,9,Uma,4,Ogan,7,Duka,4
98,14,Pujut,9,Luang,1,Pepet,4,Kajeng,7,Sri,6,Kliwon,8,Urukung,5,Redite,5,Sri,6,Erengan,1,Duka,4
99,14,Pujut,9,Luang,1,Pepet,4,Pasah,9,Laba,5,Umanis,5,Paniron,8,Soma,4,Indra,5,Urungan,4,Raksasa,1
100,14,Pujut,9,-,0,Menga,5,Beteng,4,Jaya,1,Pahing,9,Was,9,Anggara,3,Guru,8,Tulus,6,Suka,10
101,14,Pujut,9,-,0,Menga,5,Kajeng,7,Menala,8,Pon,7,Maulu,3,Budha,7,Yama,9,Dadi,8,Sri,6
102,14,Pujut,9,-,0,Menga,5,Pasah,9,Sri,6,Wage,4,Tungleh,7,Wraspati,8,Ludra,3,Dangu,5,Suka,10
103,14,Pujut,9,-,0,Menga,5,Beteng,4,Laba,5,Kliwon,8,Aryang,6,Sukra,6,Brahma,7,Jangur,8,Sri,6
104,14,Pujut,9,-,0,Menga,5,Kajeng,7,Jaya,1,Umanis,5,Urukung,5,Saniscara,9,Kala,1,Gigis,9,Sri,6
105,15,Pahang,3,-,0,Menga,5,Pasah,9,Menala,8,Pahing,9,Paniron,8,Redite,5,Uma,4,Nohan,3,Sri,6
106,15,Pahang,3,Luang,1,Pepet,4,Beteng,4,Sri,6,Pon,7,Was,9,Soma,4,Sri,6,Ogan,7,Pati,7
107,15,Pahang,3,Luang,1,Pepet,4,Kajeng,7,Laba,5,Wage,4,Maulu,3,Anggara,3,Indra,5,Erengan,1,Raja,8
108,15,Pahang,3,Luang,1,Pepet,4,Pasah,9,Jaya,1,Kliwon,8,Tungleh,7,Budha,7,Guru,8,Urungan,4,Manuh,2
109,15,Pahang,3,Luang,1,Pepet,4,Beteng,4,Menala,8,Umanis,5,Aryang,6,Wraspati,8,Yama,9,Tulus,6,Duka,4
110,15,Pahang,3,Luang,1,Pepet,4,Kajeng,7,Sri,6,Pahing,9,Urukung,5,Sukra,6,Ludra,3,Dadi,8,Manuh,2
111,15,Pahang,3,-,0,Menga,5,Pasah,9,Laba,5,Pon,7,Paniron,8,Saniscara,9,Brahma,7,Dangu,5,Manusa,3
112,16,Krulut,7,Luang,1,Pepet,4,Beteng,4,Jaya,1,Wage,4,Was,9,Redite,5,Kala,1,Jangur,8,Raksasa,1
113,16,Krulut,7,-,0,Menga,5,Kajeng,7,Menala,8,Kliwon,8,Maulu,3,Soma,4,Uma,4,Gigis,9,Suka,10
114,16,Krulut,7,-,0,Menga,5,Pasah,9,Sri,6,Umanis,5,Tungleh,7,Anggara,3,Sri,6,Nohan,3,Dewa,9
115,16,Krulut,7,-,0,Menga,5,Beteng,4,Laba,5,Pahing,9,Aryang,6,Budha,7,Indra,5,Ogan,7,Manusa,3
116,16,Krulut,7,Luang,1,Pepet,4,Kajeng,7,Jaya,1,Pon,7,Urukung,5,Wraspati,8,Guru,8,Erengan,1,Manuh,2
117,16,Krulut,7,-,0,Menga,5,Pasah,9,Menala,8,Wage,4,Paniron,8,Sukra,6,Yama,9,Urungan,4,Pandita,5
118,16,Krulut,7,Luang,1,Pepet,4,Beteng,4,Sri,6,Kliwon,8,Was,9,Saniscara,9,Ludra,3,Tulus,6,Raja,8
119,17,Merakih,1,-,0,Menga,5,Kajeng,7,Laba,5,Umanis,5,Maulu,3,Redite,5,Brahma,7,Dadi,8,Pandita,5
120,17,Merakih,1,Luang,1,Pepet,4,Pasah,9,Jaya,1,Pahing,9,Tungleh,7,Soma,4,Kala,1,Dangu,5,Duka,4
121,17,Merakih,1,-,0,Menga,5,Beteng,4,Menala,8,Pon,7,Aryang,6,Anggara,3,Uma,4,Jangur,8,Pandita,5
122,17,Merakih,1,Luang,1,Pepet,4,Kajeng,7,Sri,6,Wage,4,Urukung,5,Budha,7,Sri,6,Gigis,9,Pati,7
123,17,Merakih,1,-,0,Menga,5,Pasah,9,Laba,5,Kliwon,8,Paniron,8,Wraspati,8,Indra,5,Nohan,3,Manusa,3
124,17,Merakih,1,Luang,1,Pepet,4,Beteng,4,Jaya,1,Umanis,5,Was,9,Sukra,6,Guru,8,Ogan,7,Pati,7
125,17,Merakih,1,-,0,Menga,5,Kajeng,7,Menala,8,Pahing,9,Maulu,3,Saniscara,9,Yama,9,Erengan,1,Dewa,9
126,18,Tambir,4,-,0,Menga,5,Pasah,9,Sri,6,Pon,7,Tungleh,7,Redite,5,Ludra,3,Urungan,4,Suka,10
127,18,Tambir,4,-,0,Menga,5,Beteng,4,Laba,5,Wage,4,Aryang,6,Soma,4,Brahma,7,Tulus,6,Dewa,9
128,18,Tambir,4,Luang,1,Pepet,4,Kajeng,7,Jaya,1,Kliwon,8,Urukung,5,Anggara,3,Kala,1,Dadi,8,Pati,7
129,18,Tambir,4,-,0,Menga,5,Pasah,9,Menala,8,Umanis,5,Paniron,8,Budha,7,Uma,4,Dangu,5,Suka,10
130,18,Tambir,4,Luang,1,Pepet,4,Beteng,4,Sri,6,Pahing,9,Was,9,Wraspati,8,Sri,6,Jangur,8,Raja,8
131,18,Tambir,4,Luang,1,Pepet,4,Kajeng,7,Laba,5,Pon,7,Maulu,3,Sukra,6,Indra,5,Gigis,9,Duka,4
132,18,Tambir,4,Luang,1,Pepet,4,Pasah,9,Jaya,1,Wage,4,Tungleh,7,Saniscara,9,Guru,8,Nohan,3,Duka,4
133,19,Medangkungan,6,Luang,1,Pepet,4,Beteng,4,Menala,8,Kliwon,8,Aryang,6,Redite,5,Yama,9,Ogan,7,Duka,4
134,19,Medangkungan,6,Luang,1,Pepet,4,Kajeng,7,Sri,6,Umanis,5,Urukung,5,Soma,4,Ludra,3,Erengan,1,Raksasa,1
135,19,Medangkungan,6,-,0,Menga,5,Pasah,9,Laba,5,Pahing,9,Paniron,8,Anggara,3,Brahma,7,Urungan,4,Suka,10
136,19,Medangkungan,6,-,0,Menga,5,Beteng,4,Jaya,1,Pon,7,Was,9,Budha,7,Kala,1,Tulus,6,Sri,6
137,19,Medangkungan,6,-,0,Menga,5,Kajeng,7,Menala,8,Wage,4,Maulu,3,Wraspati,8,Uma,4,Dadi,8,Suka,10
138,19,Medangkungan,6,-,0,Menga,5,Pasah,9,Sri,6,Kliwon,8,Tungleh,7,Sukra,6,Sri,6,Dangu,5,Sri,6
139,19,Medangkungan,6,-,0,Menga,5,Beteng,4,Laba,5,Umanis,5,Aryang,6,Saniscara,9,Indra,5,Jangur,8,Sri,6
140,20,Matal,5,-,0,Menga,5,Kajeng,7,Jaya,1,Pahing,9,Urukung,5,Redite,5,Guru,8,Gigis,9,Sri,6
141,20,Matal,5,Luang,1,Pepet,4,Pasah,9,Menala,8,Pon,7,Paniron,8,Soma,4,Yama,9,Nohan,3,Pati,7
142,20,Matal,5,Luang,1,Pepet,4,Beteng,4,Sri,6,Wage,4,Was,9,Anggara,3,Ludra,3,Ogan,7,Raja,8
143,20,Matal,5,Luang,1,Pepet,4,Kajeng,7,Laba,5,Kliwon,8,Maulu,3,Budha,7,Brahma,7,Erengan,1,Manuh,2
144,20,Matal,5,Luang,1,Pepet,4,Pasah,9,Jaya,1,Umanis,5,Tungleh,7,Wraspati,8,Kala,1,Urungan,4,Duka,4
145,20,Matal,5,Luang,1,Pepet,4,Beteng,4,Menala,8,Pahing,9,Aryang,6,Sukra,6,Uma,4,Tulus,6,Manuh,2
146,20,Matal,5,-,0,Menga,5,Kajeng,7,Sri,6,Pon,7,Urukung,5,Saniscara,9,Sri,6,Dadi,8,Manusa,3
147,21,Uye,8,Luang,1,Pepet,4,Pasah,9,Laba,5,Wage,4,Paniron,8,Redite,5,Indra,5,Dangu,5,Raksasa,1
148,21,Uye,8,-,0,Menga,5,Beteng,4,Jaya,1,Kliwon,8,Was,9,Soma,4,Guru,8,Jangur,8,Suka,10
149,21,Uye,8,-,0,Menga,5,Kajeng,7,Menala,8,Umanis,5,Maulu,3,Anggara,3,Yama,9,Gigis,9,Dewa,9
150,21,Uye,8,-,0,Menga,5,Pasah,9,Sri,6,Pahing,9,Tungleh,7,Budha,7,Ludra,3,Nohan,3,Manusa,3
151,21,Uye,8,Luang,1,Pepet,4,Beteng,4,Laba,5,Pon,7,Aryang,6,Wraspati,8,Brahma,7,Ogan,7,Manuh,2
152,21,Uye,8,-,0,Menga,5,Kajeng,7,Jaya,1,Wage,4,Urukung,5,Sukra,6,Kala,1,Erengan,1,Pandita,5
153,21,Uye,8,Luang,1,Pepet,4,Pasah,9,Menala,8,Kliwon,8,Paniron,8,Saniscara,9,Uma,4,Urungan,4,Raja,8
154,22,Menail,9,-,0,Menga,5,Beteng,4,Sri,6,Umanis,5,Was,9,Redite,5,Sri,6,Tulus,6,Pandita,5
155,22,Menail,9,Luang,1,Pepet,4,Kajeng,7,Laba,5,Pahing,9,Maulu,3,Soma,4,Indra,5,Dadi,8,Duka,4
156,22,Menail,9,-,0,Menga,5,Pasah,9,Jaya,1,Pon,7,Tungleh,7,Anggara,3,Guru,8,Dangu,5,Pandita,5
157,22,Menail,9,Luang,1,Pepet,4,Beteng,4,Menala,8,Wage,4,Aryang,6,Budha,7,Yama,9,Jangur,8,Pati,7
158,22,Menail,9,-,0,Menga,5,Kajeng,7,Sri,6,Kliwon,8,Urukung,5,Wraspati,8,Ludra,3,Gigis,9,Manusa,3
159,22,Menail,9,Luang,1,Pepet,4,Pasah,9,Laba,5,Umanis,5,Paniron,8,Sukra,6,Brahma,7,Nohan,3,Pati,7
160,22,Menail,9,-,0,Menga,5,Beteng,4,Jaya,1,Pahing,9,Was,9,Saniscara,9,Kala,1,Ogan,7,Dewa,9
161,23,Prangbakat,3,-,0,Menga,5,Kajeng,7,Menala,8,Pon,7,Maulu,3,Redite,5,Uma,4,Erengan,1,Suka,10
162,23,Prangbakat,3,-,0,Menga,5,Pasah,9,Sri,6,Wage,4,Tungleh,7,Soma,4,Sri,6,Urungan,4,Dewa,9
163,23,Prangbakat,3,Luang,1,Pepet,4,Beteng,4,Laba,5,Kliwon,8,Aryang,6,Anggara,3,Indra,5,Tulus,6,Pati,7
164,23,Prangbakat,3,-,0,Menga,5,Kajeng,7,Jaya,1,Umanis,5,Urukung,5,Budha,7,Guru,8,Dadi,8,Suka,10
165,23,Prangbakat,3,Luang,1,Pepet,4,Pasah,9,Menala,8,Pahing,9,Paniron,8,Wraspati,8,Yama,9,Dangu,5,Raja,8
166,23,Prangbakat,3,Luang,1,Pepet,4,Beteng,4,Sri,6,Pon,7,Was,9,Sukra,6,Ludra,3,Jangur,8,Duka,4
167,23,Prangbakat,3,Luang,1,Pepet,4,Kajeng,7,Laba,5,Wage,4,Maulu,3,Saniscara,9,Brahma,7,Gigis,9,Duka,4
168,24,Bala,7,Luang,1,Pepet,4,Pasah,9,Jaya,1,Kliwon,8,Tungleh,7,Redite,5,Kala,1,Nohan,3,Duka,4
169,24,Bala,7,Luang,1,Pepet,4,Beteng,4,Menala,8,Umanis,5,Aryang,6,Soma,4,Uma,4,Ogan,7,Raksasa,1
170,24,Bala,7,-,0,Menga,5,Kajeng,7,Sri,6,Pahing,9,Urukung,5,Anggara,3,Sri,6,Erengan,1,Suka,10
171,24,Bala,7,-,0,Menga,5,Pasah,9,Laba,5,Pon,7,Paniron,8,Budha,7,Indra,5,Urungan,4,Sri,6
172,24,Bala,7,-,0,Menga,5,Beteng,4,Jaya,1,Wage,4,Was,9,Wraspati,8,Guru,8,Tulus,6,Suka,10
173,24,Bala,7,-,0,Menga,5,Kajeng,7,Menala,8,Kliwon,8,Maulu,3,Sukra,6,Yama,9,Dadi,8,Sri,6
174,24,Bala,7,-,0,Menga,5,Pasah,9,Sri,6,Umanis,5,Tungleh,7,Saniscara,9,Ludra,3,Dangu,5,Sri,6
175,25,Ugu,1,-,0,Menga,5,Beteng,4,Laba,5,Pahing,9,Aryang,6,Redite,5,Brahma,7,Jangur,8,Sri,6
176,25,Ugu,1,Luang,1,Pepet,4,Kajeng,7,Jaya,1,Pon,7,Urukung,5,Soma,4,Kala,1,Gigis,9,Pati,7
177,25,Ugu,1,Luang,1,Pepet,4,Pasah,9,Menala,8,Wage,4,Paniron,8,Anggara,3,Uma,4,Nohan,3,Raja,8
178,25,Ugu,1,Luang,1,Pepet,4,Beteng,4,Sri,6,Kliwon,8,Was,9,Budha,7,Sri,6,Ogan,7,Manuh,2
179,25,Ugu,1,Luang,1,Pepet,4,Kajeng,7,Laba,5,Umanis,5,Maulu,3,Wraspati,8,Indra,5,Erengan,1,Duka,4
180,25,Ugu,1,Luang,1,Pepet,4,Pasah,9,Jaya,1,Pahing,9,Tungleh,7,Sukra,6,Guru,8,Urungan,4,Manuh,2
181,25,Ugu,1,-,0,Menga,5,Beteng,4,Menala,8,Pon,7,Aryang,6,Saniscara,9,Yama,9,Tulus,6,Manusa,3
182,26,Wayang,4,Luang,1,Pepet,4,Kajeng,7,Sri,6,Wage,4,Urukung,5,Redite,5,Ludra,3,Dadi,8,Raksasa,1
183,26,Wayang,4,-,0,Menga,5,Pasah,9,Laba,5,Kliwon,8,Paniron,8,Soma,4,Brahma,7,Dangu,5,Suka,10
184,26,Wayang,4,-,0,Menga,5,Beteng,4,Jaya,1,Umanis,5,Was,9,Anggara,3,Kala,1,Jangur,8,Dewa,9
185,26,Wayang,4,-,0,Menga,5,Kajeng,7,Menala,8,Pahing,9,Maulu,3,Budha,7,Uma,4,Gigis,9,Manusa,3
186,26,Wayang,4,Luang,1,Pepet,4,Pasah,9,Sri,6,Pon,7,Tungleh,7,Wraspati,8,Sri,6,Nohan,3,Manuh,2
187,26,Wayang,4,-,0,Menga,5,Beteng,4,Laba,5,Wage,4,Aryang,6,Sukra,6,Indra,5,Ogan,7,Pandita,5
188,26,Wayang,4,Luang,1,Pepet,4,Kajeng,7,Jaya,1,Kliwon,8,Urukung,5,Saniscara,9,Guru,8,Erengan,1,Raja,8
189,27,Kelawu,6,-,0,Menga,5,Pasah,9,Menala,8,Umanis,5,Paniron,8,Redite,5,Yama,9,Urungan,4,Pandita,5
190,27,Kelawu,6,Luang,1,Pepet,4,Beteng,4,Sri,6,Pahing,9,Was,9,Soma,4,Ludra,3,Tulus,6,Duka,4
191,27,Kelawu,6,-,0,Menga,5,Kajeng,7,Laba,5,Pon,7,Maulu,3,Anggara,3,Brahma,7,Dadi,8,Pandita,5
192,27,Kelawu,6,Luang,1,Pepet,4,Pasah,9,Jaya,1,Wage,4,Tungleh,7,Budha,7,Kala,1,Dangu,5,Pati,7
193,27,Kelawu,6,-,0,Menga,5,Beteng,4,Menala,8,Kliwon,8,Aryang,6,Wraspati,8,Uma,4,Jangur,8,Manusa,3
194,27,Kelawu,6,Luang,1,Pepet,4,Kajeng,7,Sri,6,Umanis,5,Urukung,5,Sukra,6,Sri,6,Gigis,9,Pati,7
195,27,Kelawu,6,-,0,Menga,5,Pasah,9,Laba,5,Pahing,9,Paniron,8,Saniscara,9,Indra,5,Nohan,3,Dewa,9
196,28,Dukut,5,-,0,Menga,5,Beteng,4,Jaya,1,Pon,7,Was,9,Redite,5,Guru,8,Ogan,7,Suka,10
197,28,Dukut,5,-,0,Menga,5,Kajeng,7,Menala,8,Wage,4,Maulu,3,Soma,4,Yama,9,Erengan,1,Dewa,9
198,28,Dukut,5,Luang,1,Pepet,4,Pasah,9,Sri,6,Kliwon,8,Tungleh,7,Anggara,3,Ludra,3,Urungan,4,Pati,7
199,28,Dukut,5,-,0,Menga,5,Beteng,4,Laba,5,Umanis,5,Aryang,6,Budha,7,Brahma,7,Tulus,6,Suka,10
200,28,Dukut,5,Luang,1,Pepet,4,Kajeng,7,Jaya,1,Pahing,9,Urukung,5,Wraspati,8,Kala,1,Dadi,8,Raja,8
201,28,Dukut,5,Luang,1,Pepet,4,Pasah,9,Menala,8,Pon,7,Paniron,8,Sukra,6,Uma,4,Dangu,5,Duka,4
202,28,Dukut,5,Luang,1,Pepet,4,Beteng,4,Sri,6,Wage,4,Was,9,Saniscara,9,Sri,6,Jangur,8,Duka,4
203,29,Watugunung,8,Luang,1,Pepet,4,Kajeng,7,Laba,5,Kliwon,8,Maulu,3,Redite,5,Indra,5,Gigis,9,Duka,4
204,29,Watugunung,8,Luang,1,Pepet,4,Pasah,9,Jaya,1,Umanis,5,Tungleh,7,Soma,4,Guru,8,Nohan,3,Raksasa,1
205,29,Watugunung,8,-,0,Menga,5,Beteng,4,Menala,8,Pahing,9,Aryang,6,Anggara,3,Yama,9,Ogan,7,Suka,10
206,29,Watugunung,8,-,0,Menga,5,Kajeng,7,Sri,6,Pon,7,Urukung,5,Budha,7,Ludra,3,Erengan,1,Sri,6
207,29,Watugunung,8,-,0,Menga,5,Pasah,9,Laba,5,Wage,4,Paniron,8,Wraspati,8,Brahma,7,Urungan,4,Suka,10
208,29,Watugunung,8,-,0,Menga,5,Beteng,4,Jaya,1,Kliwon,8,Was,9,Sukra,6,Kala,1,Tulus,6,Sri,6
209,29,Watugunung,8,-,0,Menga,5,Kajeng,7,Menala,8,Umanis,5,Maulu,3,Saniscara,9,Uma,4,Dadi,8,Sri,6
